employee_id,employee_name,department,region,designation
EMP0001,Stephanie Pham DVM,Procurement,APAC,Director
EMP0002,Jennifer Soto,Finance,EMEA,Senior Manager
EMP0003,David Griffin,Procurement,APAC,Analyst
EMP0004,Jack Valencia,Procurement,APAC,Manager
EMP0005,Roger Miller,Finance,EMEA,Manager
EMP0006,Sarah Hendrix MD,Compliance,EMEA,Analyst
EMP0007,Melody Martin,Finance,India,Director
EMP0008,Vanessa Gomez,Procurement,EMEA,Analyst
EMP0009,Terry Benson,Operations,AMER,Senior Manager
EMP0010,Harry Moreno,Finance,AMER,Manager
EMP0011,Joseph Gray,Procurement,India,Manager
EMP0012,Alexa Woods,Operations,AMER,Director
EMP0013,Leah Brown,Procurement,India,Manager
EMP0014,Corey Clayton,Legal,APAC,Director
EMP0015,Vanessa Boyer,Compliance,AMER,Senior Manager
EMP0016,Elizabeth Martinez,Procurement,APAC,Senior Manager
EMP0017,Jennifer Palmer,Operations,APAC,Senior Manager
EMP0018,Erin Waters,Procurement,India,Director
EMP0019,Megan Richardson,Legal,AMER,Senior Manager
EMP0020,Mr. Matthew Patterson Jr.,Operations,AMER,Senior Manager
EMP0021,Duane Estrada,Operations,APAC,Senior Manager
EMP0022,Erica Spencer,Compliance,EMEA,Senior Manager
EMP0023,Nathan Nunez,Legal,India,Director
EMP0024,Amber Fisher,Compliance,EMEA,Director
EMP0025,Nicholas Murray,Procurement,EMEA,Manager
EMP0026,Nicholas Walker,Operations,India,Director
EMP0027,Barbara Turner,Procurement,EMEA,Director
EMP0028,Angel Jordan,Finance,India,Analyst
EMP0029,Curtis Thomas,Legal,EMEA,Director
EMP0030,Richard Dorsey,Finance,EMEA,Director
EMP0031,Erika Kim,Compliance,India,Analyst
EMP0032,Jesus Myers,Operations,EMEA,Senior Manager
EMP0033,Daniel Norman,Compliance,India,Manager
EMP0034,Jackson Wall,Procurement,APAC,Senior Manager
EMP0035,Sandra Love,Finance,India,Manager
EMP0036,James Hickman,Legal,India,Analyst
EMP0037,Ashley Cooke,Compliance,AMER,Manager
EMP0038,Robert Smith,Procurement,AMER,Director
EMP0039,Melanie Espinoza,Procurement,AMER,Analyst
EMP0040,Ruben James,Finance,India,Manager
EMP0041,Megan Bauer,Operations,EMEA,Manager
EMP0042,Michael Hernandez,Operations,EMEA,Senior Manager
EMP0043,Mr. William Boyd PhD,Operations,EMEA,Manager
EMP0044,Shane Dodson,Compliance,AMER,Analyst
EMP0045,Joshua Costa,Procurement,APAC,Director
EMP0046,Andrea Garcia,Operations,EMEA,Manager
EMP0047,Kayla Torres,Finance,APAC,Manager
EMP0048,Cynthia Berry,Legal,APAC,Senior Manager
EMP0049,Samantha Anderson,Finance,India,Senior Manager
EMP0050,Charles Brown,Operations,India,Senior Manager
EMP0051,Craig Wade,Compliance,EMEA,Director
EMP0052,Catherine Tucker,Legal,AMER,Analyst
EMP0053,Lawrence Williams,Compliance,India,Manager
EMP0054,Julia Johnson,Finance,EMEA,Manager
EMP0055,Cassandra Gomez,Operations,APAC,Senior Manager
EMP0056,Diane Smith,Compliance,EMEA,Manager
EMP0057,Mr. Ryan Edwards,Procurement,APAC,Senior Manager
EMP0058,Jason Anderson,Procurement,APAC,Director
EMP0059,Laura Moss,Procurement,EMEA,Director
EMP0060,Nina Little,Legal,EMEA,Senior Manager
EMP0061,Isaac Baker,Compliance,India,Senior Manager
EMP0062,Alyssa Kane,Legal,India,Senior Manager
EMP0063,Jessica Smith,Procurement,APAC,Analyst
EMP0064,Robert Miller,Operations,India,Analyst
EMP0065,John Gray,Legal,APAC,Manager
EMP0066,Andrew Patel,Procurement,India,Director
EMP0067,Timothy Smith,Procurement,EMEA,Senior Manager
EMP0068,Jennifer Nelson,Finance,India,Senior Manager
EMP0069,Robert Myers MD,Legal,EMEA,Director
EMP0070,Jeffery Moore,Legal,EMEA,Manager
EMP0071,Cheyenne Rodriguez,Legal,APAC,Manager
EMP0072,Javier Harper,Compliance,APAC,Manager
EMP0073,Patricia Holmes,Finance,EMEA,Analyst
EMP0074,Megan Patel,Legal,India,Senior Manager
EMP0075,Travis Simpson,Legal,APAC,Senior Manager
EMP0076,Leslie Nguyen,Legal,APAC,Analyst
EMP0077,Erica James,Operations,India,Director
EMP0078,Lisa Miller,Legal,India,Senior Manager
EMP0079,Jennifer Holland,Finance,AMER,Senior Manager
EMP0080,Destiny Elliott,Procurement,APAC,Director
EMP0081,Jeff Ayala,Procurement,APAC,Analyst
EMP0082,Colleen Gomez,Compliance,EMEA,Manager
EMP0083,Patrick Martinez,Compliance,APAC,Senior Manager
EMP0084,Matthew Walker,Procurement,APAC,Senior Manager
EMP0085,Jeffrey Sanchez,Legal,APAC,Senior Manager
EMP0086,Carol Taylor,Compliance,APAC,Manager
EMP0087,Douglas Bird,Legal,AMER,Director
EMP0088,Randy Mills,Finance,AMER,Senior Manager
EMP0089,Shane Bishop,Operations,India,Senior Manager
EMP0090,Manuel Harrison,Operations,India,Director
EMP0091,Christopher Benitez,Procurement,APAC,Analyst
EMP0092,Vickie Giles,Compliance,APAC,Manager
EMP0093,David Romero,Compliance,EMEA,Director
EMP0094,Timothy Weaver,Finance,AMER,Manager
EMP0095,Christina Watkins,Finance,AMER,Director
EMP0096,Vicki Davis,Finance,India,Director
EMP0097,Hector Levine,Compliance,APAC,Director
EMP0098,Brittney Peterson,Procurement,EMEA,Director
EMP0099,William Huynh,Procurement,APAC,Senior Manager
EMP0100,Christine Baxter,Operations,AMER,Senior Manager
EMP0101,Melissa Garcia,Operations,EMEA,Director
EMP0102,Karen Velazquez,Compliance,India,Director
EMP0103,Jacob Wong,Procurement,APAC,Analyst
EMP0104,Andrea Freeman,Operations,APAC,Manager
EMP0105,James Cooper,Operations,EMEA,Director
EMP0106,James Luna,Finance,India,Analyst
EMP0107,Rebecca Walsh,Compliance,APAC,Manager
EMP0108,Regina Meyer,Procurement,EMEA,Manager
EMP0109,Jeffrey Becker,Operations,EMEA,Analyst
EMP0110,Melvin Gill,Finance,APAC,Director
EMP0111,Timothy Mason,Operations,APAC,Director
EMP0112,Emily Cunningham,Finance,EMEA,Manager
EMP0113,Jeffrey Martinez,Operations,India,Senior Manager
EMP0114,Lisa Hickman,Finance,EMEA,Senior Manager
EMP0115,Christine Fuentes,Legal,APAC,Senior Manager
EMP0116,Anthony Lucas,Operations,India,Senior Manager
EMP0117,Kevin Hardy,Operations,EMEA,Manager
EMP0118,Shelly Carlson,Legal,APAC,Analyst
EMP0119,Anna Hill,Finance,EMEA,Analyst
EMP0120,Caleb Dunn,Operations,AMER,Senior Manager
